title,price,negotiable,location,year,age,mileage,promoted,url
Porsche 911 (996) Carrera Cabrio,47500,False,Ermesinde,2000,26,51595,False,https://www.standvirtual.com/carros/anuncio/porsche-911-996-carrera-cabrio-ID8PZEfA.html
Porsche 911 996.2 Carrera,21000,True,Lagos (São Sebastião E Santa Maria),2003,23,165000,True,https://www.olx.pt/d/anuncio/porsche-911-996-2-carrera-IDJiDrs.html
Porsche 911 (996) Carrera Cabrio,37989,False,Aveiro,1998,28,138000,False,https://www.standvirtual.com/carros/anuncio/porsche-911-996-carrera-cabrio-ID8PRHj8.html
Porsche 911 (996),38500,False,Gulpilhares E Valadares,2000,26,164000,False,https://www.standvirtual.com/carros/anuncio/porsche-911-996-ID8Q0o5O.html
Porsche 911 (996) Carrera 4S,49999,False,São Pedro de Castelões,2002,24,145000,False,https://www.standvirtual.com/carros/anuncio/porsche-911-996-carrera-4s-ID8PVcdH.html
Porsche 911 (996) Carrera,51950,False,Ajuda,2002,24,99000,False,https://www.standvirtual.com/carros/anuncio/porsche-911-996-carrera-ID8PUnX7.html
Porsche 911 (996) Carrera 4 S,58500,False,"Algés, Linda",2003,23,99500,False,https://www.standvirtual.com/carros/anuncio/porsche-911-996-carrera-4-s-ID8PX5q4.html
Porsche 911 (996),105000,False,Viana Do Castelo (Santa Maria Maior E Monserrate) E Meadela,2004,22,87457,False,https://www.standvirtual.com/carros/anuncio/porsche-911-996-ID8Q0qtq.html
Porsche 911 (996) Carrera 4S Cabrio,66500,False,Canelas,2004,22,147000,False,https://www.standvirtual.com/carros/anuncio/porsche-911-996-carrera-4s-cabrio-ID8Q0pAV.html
Porsche 911 (996),51700,False,Carnaxide E Queijas,2002,24,127474,False,https://www.standvirtual.com/carros/anuncio/porsche-911-996-ID8Q0rVu.html
Porsche 911 (996) Carrera 4S Cabrio,64500,False,"Aldoar, Foz Do Douro E Nevogilde",2004,22,78000,False,https://www.standvirtual.com/carros/anuncio/porsche-911-996-carrera-4s-cabrio-ID8PZTXN.html
Porsche 911 (996),39900,False,Charneca De Caparica E Sobreda,2001,25,148000,False,https://www.standvirtual.com/carros/anuncio/porsche-911-996-ID8PV9G6.html
Porsche 911 (996),44950,False,Lumiar,2004,22,172000,False,https://www.standvirtual.com/carros/anuncio/porsche-911-996-ID8PZTn9.html
Porsche 911 (996) Carrera,58500,False,Maia,2004,22,53000,False,https://www.standvirtual.com/carros/anuncio/porsche-911-996-carrera-ID8PYBra.html
Porsche 911 (996),43500,False,Cascais,2000,26,117000,False,https://www.standvirtual.com/carros/anuncio/porsche-911-996-ID8PZ4jp.html
Porsche 911 (996),72999,False,Carvalhosa,2004,22,25841,False,https://www.standvirtual.com/carros/anuncio/porsche-911-996-ID8PZWGG.html
Porsche 911 (996) carrera,42250,True,Ucha,1998,28,80000,False,https://www.olx.pt/d/anuncio/porsche-911-996-carrera-IDJnIKL.html
Porsche 911 (996) Carrera 4 Coupé,44996,False,"Sintra (Santa Maria E São Miguel, São Martinho E São Pedro De Penaferrim)",2000,26,138600,False,https://www.standvirtual.com/carros/anuncio/porsche-911-996-carrera-4-coup-ID8PSeLV.html
Porsche 911 (996),44990,False,Charneca De Caparica E Sobreda,1999,27,135072,False,https://www.standvirtual.com/carros/anuncio/porsche-911-996-ID8PUu42.html
Porsche 911 (996),43900,False,Faro (Sé E São Pedro),1999,27,154500,False,https://www.standvirtual.com/carros/anuncio/porsche-911-996-ID8PUnpz.html
Porsche 911 (996),45500,False,"Braga (Maximinos, Sé E Cividade)",2001,25,199000,False,https://www.standvirtual.com/carros/anuncio/porsche-911-996-ID8PZa9q.html
Porsche 911 996 cabrio,38500,True,Campanhã,2000,26,165000,False,https://www.olx.pt/d/anuncio/porsche-911-996-cabrio-IDJ8JTd.html
Porsche 911 (996) Carrera 4 Cabrio,60990,False,Mafra,2002,24,150000,False,https://www.standvirtual.com/carros/anuncio/porsche-911-996-carrera-4-cabrio-ID8PZV8n.html
